<?xml version = "1.0"?>
<XML ID = "EQInterfaceDefinitionLanguage">
	<Schema xmlns = "EverQuestData" xmlns:dt = "EverQuestDataTypes"/>

	<Button item = "NEWS_OKButton">
		<ScreenID>OKButton</ScreenID>
		<Font>4</Font>
		<RelativePosition>true</RelativePosition>

		<AutoStretch>true</AutoStretch>
		<LeftAnchorOffset>40</LeftAnchorOffset>
		<RightAnchorOffset>155</RightAnchorOffset>
		<TopAnchorOffset>55</TopAnchorOffset>
		<BottomAnchorOffset>24</BottomAnchorOffset>

		<RightAnchorToLeft>true</RightAnchorToLeft>
		<LeftAnchorToLeft>true</LeftAnchorToLeft>
		<TopAnchorToTop>false</TopAnchorToTop>
		<BottomAnchorToTop>false</BottomAnchorToTop>

		<TooltipReference>Close this window.</TooltipReference>
		<Style_Checkbox>false</Style_Checkbox>
		<Text>OK</Text>
		<TextColor>
				<R>255</R>
				<G>255</G>
				<B>255</B>
		</TextColor>
		<ButtonDrawTemplate>
			<Normal>A_EQLS_SmallBtnNormal</Normal>
			<Pressed>A_EQLS_SmallBtnPressed</Pressed>
			<Flyby>A_EQLS_SmallBtnHover</Flyby>
			<Disabled>A_EQLS_SmallBtnDisabled</Disabled>
			<PressedFlyby>A_EQLS_SmallBtnPressedHover</PressedFlyby>
		</ButtonDrawTemplate>
	</Button>
	
	<STMLbox item = "NEWS_Display">
		<ScreenID>Display</ScreenID>
		<DrawTemplate>WDT_EQLS_Def_Bordered</DrawTemplate>
		<RelativePosition>true</RelativePosition>
		<Style_VScroll>true</Style_VScroll>
		<AutoStretch>true</AutoStretch>
		<LeftAnchorOffset>40</LeftAnchorOffset>
		<TopAnchorOffset>70</TopAnchorOffset>
		<RightAnchorOffset>40</RightAnchorOffset>
		<BottomAnchorOffset>75</BottomAnchorOffset>
		<TopAnchorToTop>true</TopAnchorToTop>
		<BottomAnchorToTop>false</BottomAnchorToTop>
		<RightAnchorToLeft>false</RightAnchorToLeft>
		<LeftAnchorToLeft>true</LeftAnchorToLeft>
		<Style_Border>true</Style_Border>
	</STMLbox>
	<Label item = "NEWS_WndLabel">
		<ScreenID>WndLabel</ScreenID>
		<Font>5</Font>
		<RelativePosition>true</RelativePosition>
		<Location>
			<X>200</X>
			<Y>20</Y>
		</Location>
		<Size>
			<CX>270</CX>
			<CY>25</CY>
		</Size>
		<Text>NEWS</Text>
		<TextColor>
				<R>255</R>
				<G>218</G>
				<B>96</B>
		</TextColor>
		<NoWrap>true</NoWrap>
		<AlignCenter>true</AlignCenter>
		<AlignRight>false</AlignRight>
	</Label>
	
	<Screen item = "news">
		<!--<ScreenID/>-->
		<RelativePosition>true</RelativePosition>
		<Location>
			<X>0</X>
			<Y>0</Y>
		</Location>
		<Size>
			<CX>640</CX>
			<CY>480</CY>
		</Size>

		<Text>News</Text>
		<Style_VScroll>false</Style_VScroll>
		<Style_HScroll>false</Style_HScroll>
		<Style_Transparent>false</Style_Transparent>
		<!--<TooltipReference/>-->
		<DrawTemplate>WDT_EQLS_Def_NoFrame</DrawTemplate>
		<Style_Titlebar>false</Style_Titlebar>
		<Style_Closebox>false</Style_Closebox>
		<Style_Minimizebox>false</Style_Minimizebox>
		<Style_Border>false</Style_Border>
		<Style_Sizable>false</Style_Sizable>
		<Pieces>EQLS_AltBG01</Pieces>
		<Pieces>EQLS_AltBG02</Pieces>
		<Pieces>EQLS_AltBG03</Pieces>
		<Pieces>EQLS_AltBG04</Pieces>
		<Pieces>EQLS_AltBG05</Pieces>
		<Pieces>EQLS_AltBG06</Pieces>
		<Pieces>NEWS_OKButton</Pieces>
		<Pieces>NEWS_Display</Pieces>
		<Pieces>NEWS_WndLabel</Pieces>
	</Screen>

</XML>
