<?xml version = "1.0"?>
<XML ID = "EQInterfaceDefinitionLanguage">
	<Schema xmlns = "EverQuestData" xmlns:dt = "EverQuestDataTypes"/>

	<SpellGem item = "CSPW_Spell0">
		<ScreenID>CSPW_Spell0</ScreenID>
		<RelativePosition>true</RelativePosition>
		<Location>
			<X>1</X>
			<Y>0</Y>
		</Location>
		<Size>
			<CX>60</CX>
			<CY>48</CY>
		</Size>
		<SpellGemDrawTemplate>
			<Holder>A_SpellGemHolder</Holder>
			<Background>A_SpellGemBackground</Background>
			<Highlight>A_SpellGemHighlight</Highlight>
		</SpellGemDrawTemplate>
		<SpellIconOffsetX>18</SpellIconOffsetX>
		<SpellIconOffsetY>12</SpellIconOffsetY>
	</SpellGem>
	<SpellGem item = "CSPW_Spell1">
		<ScreenID>CSPW_Spell1</ScreenID>
		<RelativePosition>true</RelativePosition>
		<Location>
			<X>1</X>
			<Y>49</Y>
		</Location>
		<Size>
			<CX>60</CX>
			<CY>48</CY>
		</Size>
		<SpellGemDrawTemplate>
			<Holder>A_SpellGemHolder</Holder>
			<Background>A_SpellGemBackground</Background>
			<Highlight>A_SpellGemHighlight</Highlight>
		</SpellGemDrawTemplate>
		<SpellIconOffsetX>18</SpellIconOffsetX>
		<SpellIconOffsetY>12</SpellIconOffsetY>
	</SpellGem>
	<SpellGem item = "CSPW_Spell2">
		<ScreenID>CSPW_Spell2</ScreenID>
		<RelativePosition>true</RelativePosition>
		<Location>
			<X>1</X>
			<Y>98</Y>
		</Location>
		<Size>
			<CX>60</CX>
			<CY>48</CY>
		</Size>
		<SpellGemDrawTemplate>
			<Holder>A_SpellGemHolder</Holder>
			<Background>A_SpellGemBackground</Background>
			<Highlight>A_SpellGemHighlight</Highlight>
		</SpellGemDrawTemplate>
		<SpellIconOffsetX>18</SpellIconOffsetX>
		<SpellIconOffsetY>12</SpellIconOffsetY>
	</SpellGem>
	<SpellGem item = "CSPW_Spell3">
		<ScreenID>CSPW_Spell3</ScreenID>
		<RelativePosition>true</RelativePosition>
		<Location>
			<X>1</X>
			<Y>147</Y>
		</Location>
		<Size>
			<CX>60</CX>
			<CY>48</CY>
		</Size>
		<SpellGemDrawTemplate>
			<Holder>A_SpellGemHolder</Holder>
			<Background>A_SpellGemBackground</Background>
			<Highlight>A_SpellGemHighlight</Highlight>
		</SpellGemDrawTemplate>
		<SpellIconOffsetX>18</SpellIconOffsetX>
		<SpellIconOffsetY>12</SpellIconOffsetY>
	</SpellGem>
	<SpellGem item = "CSPW_Spell4">
		<ScreenID>CSPW_Spell4</ScreenID>
		<RelativePosition>true</RelativePosition>
		<Location>
			<X>1</X>
			<Y>196</Y>
		</Location>
		<Size>
			<CX>60</CX>
			<CY>48</CY>
		</Size>
		<SpellGemDrawTemplate>
			<Holder>A_SpellGemHolder</Holder>
			<Background>A_SpellGemBackground</Background>
			<Highlight>A_SpellGemHighlight</Highlight>
		</SpellGemDrawTemplate>
		<SpellIconOffsetX>18</SpellIconOffsetX>
		<SpellIconOffsetY>12</SpellIconOffsetY>
	</SpellGem>
	<SpellGem item = "CSPW_Spell5">
		<ScreenID>CSPW_Spell5</ScreenID>
		<RelativePosition>true</RelativePosition>
		<Location>
			<X>1</X>
			<Y>245</Y>
		</Location>
		<Size>
			<CX>60</CX>
			<CY>48</CY>
		</Size>
		<SpellGemDrawTemplate>
			<Holder>A_SpellGemHolder</Holder>
			<Background>A_SpellGemBackground</Background>
			<Highlight>A_SpellGemHighlight</Highlight>
		</SpellGemDrawTemplate>
		<SpellIconOffsetX>18</SpellIconOffsetX>
		<SpellIconOffsetY>12</SpellIconOffsetY>
	</SpellGem>
	<SpellGem item = "CSPW_Spell6">
		<ScreenID>CSPW_Spell6</ScreenID>
		<RelativePosition>true</RelativePosition>
		<Location>
			<X>1</X>
			<Y>294</Y>
		</Location>
		<Size>
			<CX>60</CX>
			<CY>48</CY>
		</Size>
		<SpellGemDrawTemplate>
			<Holder>A_SpellGemHolder</Holder>
			<Background>A_SpellGemBackground</Background>
			<Highlight>A_SpellGemHighlight</Highlight>
		</SpellGemDrawTemplate>
		<SpellIconOffsetX>18</SpellIconOffsetX>
		<SpellIconOffsetY>12</SpellIconOffsetY>
	</SpellGem>
	<SpellGem item = "CSPW_Spell7">
		<ScreenID>CSPW_Spell7</ScreenID>
		<RelativePosition>true</RelativePosition>
		<Location>
			<X>1</X>
			<Y>343</Y>
		</Location>
		<Size>
			<CX>60</CX>
			<CY>48</CY>
		</Size>
		<SpellGemDrawTemplate>
			<Holder>A_SpellGemHolder</Holder>
			<Background>A_SpellGemBackground</Background>
			<Highlight>A_SpellGemHighlight</Highlight>
		</SpellGemDrawTemplate>
		<SpellIconOffsetX>18</SpellIconOffsetX>
		<SpellIconOffsetY>12</SpellIconOffsetY>
	</SpellGem>

	<Button item = "CSPW_SpellBook">
		<ScreenID>CSPW_SpellBook</ScreenID>
		<!--<Font>3</Font>-->
		<RelativePosition>true</RelativePosition>
		<Location>
			<X>19</X>
			<Y>395</Y>
		</Location>
		<Size>
			<CX>22</CX>
			<CY>22</CY>
		</Size>
		<Style_Transparent>false</Style_Transparent>
		<TooltipReference>Opens and closes Your Spellbook</TooltipReference>
		<Style_Checkbox>true</Style_Checkbox>
		<!--<RadioGroup/>-->
		<ButtonDrawTemplate>
			<Normal>A_BookBtnNormal</Normal>
			<Pressed>A_BookBtnPressed</Pressed>
			<Flyby>A_BookBtnFlyby</Flyby>
			<Disabled>A_BookBtnDisabled</Disabled>
			<PressedFlyby>A_BookBtnPressedFlyby</PressedFlyby>
		</ButtonDrawTemplate>
	</Button>

	<Screen item = "CastSpellWnd">
		<!--<ScreenID/>-->
		<!--<Font/>-->
		<RelativePosition>false</RelativePosition>
		<Location>
			<X>0</X>
			<Y>25</Y>
		</Location>
		<Size>
			<CX>70</CX>
			<CY>427</CY>
		</Size>
		<Text>Spells</Text>
		<Style_Transparent>true</Style_Transparent>
		<TooltipReference>Allows you to cast your memorized spells</TooltipReference>
		<DrawTemplate>WDT_RoundedNoTitle</DrawTemplate>
		<Style_Titlebar>false</Style_Titlebar>
		<Style_Closebox>true</Style_Closebox>
		<Style_Minimizebox>false</Style_Minimizebox>
		<Style_Border>false</Style_Border>
		<Style_Sizable>false</Style_Sizable>
		<Pieces>CSPW_Spell0</Pieces>
		<Pieces>CSPW_Spell1</Pieces>
		<Pieces>CSPW_Spell2</Pieces>
		<Pieces>CSPW_Spell3</Pieces>
		<Pieces>CSPW_Spell4</Pieces>
		<Pieces>CSPW_Spell5</Pieces>
		<Pieces>CSPW_Spell6</Pieces>
		<Pieces>CSPW_Spell7</Pieces>
		<Pieces>CSPW_SpellBook</Pieces>
	</Screen>

</XML>
