<?xml version = "1.0"?>
<XML ID = "EQInterfaceDefinitionLanguage">
	<Schema xmlns = "EverQuestData" xmlns:dt = "EverQuestDataTypes"/>

	<Button item = "SBW_Spell0">
		<ScreenID>SBW_Spell0</ScreenID>
		<!--<Font>3</Font>-->
		<RelativePosition>true</RelativePosition>
		<Location>
			<X>84</X>
			<Y>20</Y>
		</Location>
		<Size>
			<CX>44</CX>
			<CY>44</CY>
		</Size>
		<Style_Transparent>false</Style_Transparent>
		<!--<TooltipReference/>-->
		<Style_Checkbox>false</Style_Checkbox>
		<!--<RadioGroup/>-->
		<ButtonDrawTemplate>
			<Normal>BlueIconBackground</Normal>
			<NormalDecal>BuffIcons</NormalDecal>
		</ButtonDrawTemplate>
		<!--<SoundPressed/>-->
		<!--<SoundUp/>-->
		<!--<SoundFlyby/>-->
		<DecalOffset>
			<X>2</X>
			<Y>2</Y>
		</DecalOffset>
		<DecalSize>
			<CX>40</CX>
			<CY>40</CY>
		</DecalSize>
	</Button>
	<StaticText item ="SBW_SpellName0">
		<ScreenID>SBW_SpellName0</ScreenID>
		<Font>1</Font>
		<RelativePosition>true</RelativePosition>
		<Location>
			<X>64</X>
			<Y>64</Y>
		</Location>
		<Size>
			<CX>84</CX>
			<CY>16</CY>
		</Size>
		<Text>Complete Healing</Text>
		<NoWrap>false</NoWrap>
		<AlignCenter>true</AlignCenter>
		<AlignRight>false</AlignRight>
	</StaticText>
	<Button item = "SBW_Spell1">
		<ScreenID>SBW_Spell1</ScreenID>
		<!--<Font>3</Font>-->
		<RelativePosition>true</RelativePosition>
		<Location>
			<X>169</X>
			<Y>20</Y>
		</Location>
		<Size>
			<CX>44</CX>
			<CY>44</CY>
		</Size>
		<Style_Transparent>false</Style_Transparent>
		<!--<TooltipReference/>-->
		<Style_Checkbox>false</Style_Checkbox>
		<!--<RadioGroup/>-->
		<ButtonDrawTemplate>
			<Normal>BlueIconBackground</Normal>
			<NormalDecal>BuffIcons</NormalDecal>
		</ButtonDrawTemplate>
		<!--<SoundPressed/>-->
		<!--<SoundUp/>-->
		<!--<SoundFlyby/>-->
		<DecalOffset>
			<X>2</X>
			<Y>2</Y>
		</DecalOffset>
		<DecalSize>
			<CX>40</CX>
			<CY>40</CY>
		</DecalSize>
	</Button>
	<StaticText item ="SBW_SpellName1">
		<ScreenID>SBW_SpellName1</ScreenID>
		<Font>1</Font>
		<RelativePosition>true</RelativePosition>
		<Location>
			<X>149</X>
			<Y>64</Y>
		</Location>
		<Size>
			<CX>84</CX>
			<CY>16</CY>
		</Size>
		<Text>Blahblah's Melodious Concord</Text>
		<NoWrap>false</NoWrap>
		<AlignCenter>true</AlignCenter>
		<AlignRight>false</AlignRight>
	</StaticText>
	<Button item = "SBW_Spell2">
		<ScreenID>SBW_Spell2</ScreenID>
		<!--<Font>3</Font>-->
		<RelativePosition>true</RelativePosition>
		<Location>
			<X>84</X>
			<Y>87</Y>
		</Location>
		<Size>
			<CX>44</CX>
			<CY>44</CY>
		</Size>
		<Style_Transparent>false</Style_Transparent>
		<!--<TooltipReference/>-->
		<Style_Checkbox>false</Style_Checkbox>
		<!--<RadioGroup/>-->
		<ButtonDrawTemplate>
			<Normal>BlueIconBackground</Normal>
			<NormalDecal>BuffIcons</NormalDecal>
		</ButtonDrawTemplate>
		<!--<SoundPressed/>-->
		<!--<SoundUp/>-->
		<!--<SoundFlyby/>-->
		<DecalOffset>
			<X>2</X>
			<Y>2</Y>
		</DecalOffset>
		<DecalSize>
			<CX>40</CX>
			<CY>40</CY>
		</DecalSize>
	</Button>
	<StaticText item ="SBW_SpellName2">
		<ScreenID>SBW_SpellName2</ScreenID>
		<Font>1</Font>
		<RelativePosition>true</RelativePosition>
		<Location>
			<X>64</X>
			<Y>131</Y>
		</Location>
		<Size>
			<CX>84</CX>
			<CY>16</CY>
		</Size>
		<Text>Blahblah's Complete Healing</Text>
		<NoWrap>false</NoWrap>
		<AlignCenter>true</AlignCenter>
		<AlignRight>false</AlignRight>
	</StaticText>
	<Button item = "SBW_Spell3">
		<ScreenID>SBW_Spell3</ScreenID>
		<!--<Font>3</Font>-->
		<RelativePosition>true</RelativePosition>
		<Location>
			<X>169</X>
			<Y>87</Y>
		</Location>
		<Size>
			<CX>44</CX>
			<CY>44</CY>
		</Size>
		<Style_Transparent>false</Style_Transparent>
		<!--<TooltipReference/>-->
		<Style_Checkbox>false</Style_Checkbox>
		<!--<RadioGroup/>-->
		<ButtonDrawTemplate>
			<Normal>BlueIconBackground</Normal>
			<NormalDecal>BuffIcons</NormalDecal>
		</ButtonDrawTemplate>
		<!--<SoundPressed/>-->
		<!--<SoundUp/>-->
		<!--<SoundFlyby/>-->
		<DecalOffset>
			<X>2</X>
			<Y>2</Y>
		</DecalOffset>
		<DecalSize>
			<CX>40</CX>
			<CY>40</CY>
		</DecalSize>
	</Button>
	<StaticText item ="SBW_SpellName3">
		<ScreenID>SBW_SpellName3</ScreenID>
		<Font>1</Font>
		<RelativePosition>true</RelativePosition>
		<Location>
			<X>149</X>
			<Y>131</Y>
		</Location>
		<Size>
			<CX>84</CX>
			<CY>16</CY>
		</Size>
		<Text>Blahblah's Complete Healing</Text>
		<NoWrap>false</NoWrap>
		<AlignCenter>true</AlignCenter>
		<AlignRight>false</AlignRight>
	</StaticText>
	<Button item = "SBW_Spell4">
		<ScreenID>SBW_Spell4</ScreenID>
		<!--<Font>3</Font>-->
		<RelativePosition>true</RelativePosition>
		<Location>
			<X>84</X>
			<Y>154</Y>
		</Location>
		<Size>
			<CX>44</CX>
			<CY>44</CY>
		</Size>
		<Style_Transparent>false</Style_Transparent>
		<!--<TooltipReference/>-->
		<Style_Checkbox>false</Style_Checkbox>
		<!--<RadioGroup/>-->
		<ButtonDrawTemplate>
			<Normal>BlueIconBackground</Normal>
			<NormalDecal>BuffIcons</NormalDecal>
		</ButtonDrawTemplate>
		<!--<SoundPressed/>-->
		<!--<SoundUp/>-->
		<!--<SoundFlyby/>-->
		<DecalOffset>
			<X>2</X>
			<Y>2</Y>
		</DecalOffset>
		<DecalSize>
			<CX>40</CX>
			<CY>40</CY>
		</DecalSize>
	</Button>
	<StaticText item ="SBW_SpellName4">
		<ScreenID>SBW_SpellName4</ScreenID>
		<Font>1</Font>
		<RelativePosition>true</RelativePosition>
		<Location>
			<X>64</X>
			<Y>198</Y>
		</Location>
		<Size>
			<CX>84</CX>
			<CY>16</CY>
		</Size>
		<Text>Blahblah's Complete Healing</Text>
		<NoWrap>false</NoWrap>
		<AlignCenter>true</AlignCenter>
		<AlignRight>false</AlignRight>
	</StaticText>
	<Button item = "SBW_Spell5">
		<ScreenID>SBW_Spell5</ScreenID>
		<!--<Font>3</Font>-->
		<RelativePosition>true</RelativePosition>
		<Location>
			<X>169</X>
			<Y>154</Y>
		</Location>
		<Size>
			<CX>44</CX>
			<CY>44</CY>
		</Size>
		<Style_Transparent>false</Style_Transparent>
		<!--<TooltipReference/>-->
		<Style_Checkbox>false</Style_Checkbox>
		<!--<RadioGroup/>-->
		<ButtonDrawTemplate>
			<Normal>BlueIconBackground</Normal>
			<NormalDecal>BuffIcons</NormalDecal>
		</ButtonDrawTemplate>
		<!--<SoundPressed/>-->
		<!--<SoundUp/>-->
		<!--<SoundFlyby/>-->
		<DecalOffset>
			<X>2</X>
			<Y>2</Y>
		</DecalOffset>
		<DecalSize>
			<CX>40</CX>
			<CY>40</CY>
		</DecalSize>
	</Button>
	<StaticText item ="SBW_SpellName5">
		<ScreenID>SBW_SpellName5</ScreenID>
		<Font>1</Font>
		<RelativePosition>true</RelativePosition>
		<Location>
			<X>149</X>
			<Y>198</Y>
		</Location>
		<Size>
			<CX>84</CX>
			<CY>16</CY>
		</Size>
		<Text>Blahblah's Complete Healing</Text>
		<NoWrap>false</NoWrap>
		<AlignCenter>true</AlignCenter>
		<AlignRight>false</AlignRight>
	</StaticText>
	<Button item = "SBW_Spell6">
		<ScreenID>SBW_Spell6</ScreenID>
		<!--<Font>3</Font>-->
		<RelativePosition>true</RelativePosition>
		<Location>
			<X>84</X>
			<Y>221</Y>
		</Location>
		<Size>
			<CX>44</CX>
			<CY>44</CY>
		</Size>
		<Style_Transparent>false</Style_Transparent>
		<!--<TooltipReference/>-->
		<Style_Checkbox>false</Style_Checkbox>
		<!--<RadioGroup/>-->
		<ButtonDrawTemplate>
			<Normal>BlueIconBackground</Normal>
			<NormalDecal>BuffIcons</NormalDecal>
		</ButtonDrawTemplate>
		<!--<SoundPressed/>-->
		<!--<SoundUp/>-->
		<!--<SoundFlyby/>-->
		<DecalOffset>
			<X>2</X>
			<Y>2</Y>
		</DecalOffset>
		<DecalSize>
			<CX>40</CX>
			<CY>40</CY>
		</DecalSize>
	</Button>
	<StaticText item ="SBW_SpellName6">
		<ScreenID>SBW_SpellName6</ScreenID>
		<Font>1</Font>
		<RelativePosition>true</RelativePosition>
		<Location>
			<X>64</X>
			<Y>265</Y>
		</Location>
		<Size>
			<CX>84</CX>
			<CY>16</CY>
		</Size>
		<Text>Blahblah's Complete Healing</Text>
		<NoWrap>false</NoWrap>
		<AlignCenter>true</AlignCenter>
		<AlignRight>false</AlignRight>
	</StaticText>
	<Button item = "SBW_Spell7">
		<ScreenID>SBW_Spell7</ScreenID>
		<!--<Font>3</Font>-->
		<RelativePosition>true</RelativePosition>
		<Location>
			<X>169</X>
			<Y>221</Y>
		</Location>
		<Size>
			<CX>44</CX>
			<CY>44</CY>
		</Size>
		<Style_Transparent>false</Style_Transparent>
		<!--<TooltipReference/>-->
		<Style_Checkbox>false</Style_Checkbox>
		<!--<RadioGroup/>-->
		<ButtonDrawTemplate>
			<Normal>BlueIconBackground</Normal>
			<NormalDecal>BuffIcons</NormalDecal>
		</ButtonDrawTemplate>
		<!--<SoundPressed/>-->
		<!--<SoundUp/>-->
		<!--<SoundFlyby/>-->
		<DecalOffset>
			<X>2</X>
			<Y>2</Y>
		</DecalOffset>
		<DecalSize>
			<CX>40</CX>
			<CY>40</CY>
		</DecalSize>
	</Button>
	<StaticText item ="SBW_SpellName7">
		<ScreenID>SBW_SpellName7</ScreenID>
		<Font>1</Font>
		<RelativePosition>true</RelativePosition>
		<Location>
			<X>149</X>
			<Y>265</Y>
		</Location>
		<Size>
			<CX>84</CX>
			<CY>16</CY>
		</Size>
		<Text>Blahblah's Complete Healing</Text>
		<NoWrap>false</NoWrap>
		<AlignCenter>true</AlignCenter>
		<AlignRight>false</AlignRight>
	</StaticText>


	<Button item = "SBW_Spell8">
		<ScreenID>SBW_Spell8</ScreenID>
		<!--<Font>3</Font>-->
		<RelativePosition>true</RelativePosition>
		<Location>
			<X>270</X>
			<Y>20</Y>
		</Location>
		<Size>
			<CX>44</CX>
			<CY>44</CY>
		</Size>
		<Style_Transparent>false</Style_Transparent>
		<!--<TooltipReference/>-->
		<Style_Checkbox>false</Style_Checkbox>
		<!--<RadioGroup/>-->
		<ButtonDrawTemplate>
			<Normal>BlueIconBackground</Normal>
			<NormalDecal>BuffIcons</NormalDecal>
		</ButtonDrawTemplate>
		<!--<SoundPressed/>-->
		<!--<SoundUp/>-->
		<!--<SoundFlyby/>-->
		<DecalOffset>
			<X>2</X>
			<Y>2</Y>
		</DecalOffset>
		<DecalSize>
			<CX>40</CX>
			<CY>40</CY>
		</DecalSize>
	</Button>
	<StaticText item ="SBW_SpellName8">
		<ScreenID>SBW_SpellName8</ScreenID>
		<Font>1</Font>
		<RelativePosition>true</RelativePosition>
		<Location>
			<X>250</X>
			<Y>64</Y>
		</Location>
		<Size>
			<CX>84</CX>
			<CY>16</CY>
		</Size>
		<Text>Complete Healing</Text>
		<NoWrap>false</NoWrap>
		<AlignCenter>true</AlignCenter>
		<AlignRight>false</AlignRight>
	</StaticText>
	<Button item = "SBW_Spell9">
		<ScreenID>SBW_Spell9</ScreenID>
		<!--<Font>3</Font>-->
		<RelativePosition>true</RelativePosition>
		<Location>
			<X>355</X>
			<Y>20</Y>
		</Location>
		<Size>
			<CX>44</CX>
			<CY>44</CY>
		</Size>
		<Style_Transparent>false</Style_Transparent>
		<!--<TooltipReference/>-->
		<Style_Checkbox>false</Style_Checkbox>
		<!--<RadioGroup/>-->
		<ButtonDrawTemplate>
			<Normal>BlueIconBackground</Normal>
			<NormalDecal>BuffIcons</NormalDecal>
		</ButtonDrawTemplate>
		<!--<SoundPressed/>-->
		<!--<SoundUp/>-->
		<!--<SoundFlyby/>-->
		<DecalOffset>
			<X>2</X>
			<Y>2</Y>
		</DecalOffset>
		<DecalSize>
			<CX>40</CX>
			<CY>40</CY>
		</DecalSize>
	</Button>
	<StaticText item ="SBW_SpellName9">
		<ScreenID>SBW_SpellName9</ScreenID>
		<Font>1</Font>
		<RelativePosition>true</RelativePosition>
		<Location>
			<X>335</X>
			<Y>64</Y>
		</Location>
		<Size>
			<CX>84</CX>
			<CY>16</CY>
		</Size>
		<Text>Complete Healing</Text>
		<NoWrap>false</NoWrap>
		<AlignCenter>true</AlignCenter>
		<AlignRight>false</AlignRight>
	</StaticText>
	<Button item = "SBW_Spell10">
		<ScreenID>SBW_Spell10</ScreenID>
		<!--<Font>3</Font>-->
		<RelativePosition>true</RelativePosition>
		<Location>
			<X>270</X>
			<Y>87</Y>
		</Location>
		<Size>
			<CX>44</CX>
			<CY>44</CY>
		</Size>
		<Style_Transparent>false</Style_Transparent>
		<!--<TooltipReference/>-->
		<Style_Checkbox>false</Style_Checkbox>
		<!--<RadioGroup/>-->
		<ButtonDrawTemplate>
			<Normal>BlueIconBackground</Normal>
			<NormalDecal>BuffIcons</NormalDecal>
		</ButtonDrawTemplate>
		<!--<SoundPressed/>-->
		<!--<SoundUp/>-->
		<!--<SoundFlyby/>-->
		<DecalOffset>
			<X>2</X>
			<Y>2</Y>
		</DecalOffset>
		<DecalSize>
			<CX>40</CX>
			<CY>40</CY>
		</DecalSize>
	</Button>
	<StaticText item ="SBW_SpellName10">
		<ScreenID>SBW_SpellName10</ScreenID>
		<Font>1</Font>
		<RelativePosition>true</RelativePosition>
		<Location>
			<X>250</X>
			<Y>131</Y>
		</Location>
		<Size>
			<CX>84</CX>
			<CY>16</CY>
		</Size>
		<Text>Blahblah's Complete Healing</Text>
		<NoWrap>false</NoWrap>
		<AlignCenter>true</AlignCenter>
		<AlignRight>false</AlignRight>
	</StaticText>
	<Button item = "SBW_Spell11">
		<ScreenID>SBW_Spell11</ScreenID>
		<!--<Font>3</Font>-->
		<RelativePosition>true</RelativePosition>
		<Location>
			<X>355</X>
			<Y>87</Y>
		</Location>
		<Size>
			<CX>44</CX>
			<CY>44</CY>
		</Size>
		<Style_Transparent>false</Style_Transparent>
		<!--<TooltipReference/>-->
		<Style_Checkbox>false</Style_Checkbox>
		<!--<RadioGroup/>-->
		<ButtonDrawTemplate>
			<Normal>BlueIconBackground</Normal>
			<NormalDecal>BuffIcons</NormalDecal>
		</ButtonDrawTemplate>
		<!--<SoundPressed/>-->
		<!--<SoundUp/>-->
		<!--<SoundFlyby/>-->
		<DecalOffset>
			<X>2</X>
			<Y>2</Y>
		</DecalOffset>
		<DecalSize>
			<CX>40</CX>
			<CY>40</CY>
		</DecalSize>
	</Button>
	<StaticText item ="SBW_SpellName11">
		<ScreenID>SBW_SpellName11</ScreenID>
		<Font>1</Font>
		<RelativePosition>true</RelativePosition>
		<Location>
			<X>335</X>
			<Y>131</Y>
		</Location>
		<Size>
			<CX>84</CX>
			<CY>16</CY>
		</Size>
		<Text>Blahblah's Complete Healing</Text>
		<NoWrap>false</NoWrap>
		<AlignCenter>true</AlignCenter>
		<AlignRight>false</AlignRight>
	</StaticText>
	<Button item = "SBW_Spell12">
		<ScreenID>SBW_Spell12</ScreenID>
		<!--<Font>3</Font>-->
		<RelativePosition>true</RelativePosition>
		<Location>
			<X>270</X>
			<Y>154</Y>
		</Location>
		<Size>
			<CX>44</CX>
			<CY>44</CY>
		</Size>
		<Style_Transparent>false</Style_Transparent>
		<!--<TooltipReference/>-->
		<Style_Checkbox>false</Style_Checkbox>
		<!--<RadioGroup/>-->
		<ButtonDrawTemplate>
			<Normal>BlueIconBackground</Normal>
			<NormalDecal>BuffIcons</NormalDecal>
		</ButtonDrawTemplate>
		<!--<SoundPressed/>-->
		<!--<SoundUp/>-->
		<!--<SoundFlyby/>-->
		<DecalOffset>
			<X>2</X>
			<Y>2</Y>
		</DecalOffset>
		<DecalSize>
			<CX>40</CX>
			<CY>40</CY>
		</DecalSize>
	</Button>
	<StaticText item ="SBW_SpellName12">
		<ScreenID>SBW_SpellName12</ScreenID>
		<Font>1</Font>
		<RelativePosition>true</RelativePosition>
		<Location>
			<X>250</X>
			<Y>198</Y>
		</Location>
		<Size>
			<CX>84</CX>
			<CY>16</CY>
		</Size>
		<Text>Blahblah's Complete Healing</Text>
		<NoWrap>false</NoWrap>
		<AlignCenter>true</AlignCenter>
		<AlignRight>false</AlignRight>
	</StaticText>
	<Button item = "SBW_Spell13">
		<ScreenID>SBW_Spell13</ScreenID>
		<!--<Font>3</Font>-->
		<RelativePosition>true</RelativePosition>
		<Location>
			<X>355</X>
			<Y>154</Y>
		</Location>
		<Size>
			<CX>44</CX>
			<CY>44</CY>
		</Size>
		<Style_Transparent>false</Style_Transparent>
		<!--<TooltipReference/>-->
		<Style_Checkbox>false</Style_Checkbox>
		<!--<RadioGroup/>-->
		<ButtonDrawTemplate>
			<Normal>BlueIconBackground</Normal>
			<NormalDecal>BuffIcons</NormalDecal>
		</ButtonDrawTemplate>
		<!--<SoundPressed/>-->
		<!--<SoundUp/>-->
		<!--<SoundFlyby/>-->
		<DecalOffset>
			<X>2</X>
			<Y>2</Y>
		</DecalOffset>
		<DecalSize>
			<CX>40</CX>
			<CY>40</CY>
		</DecalSize>
	</Button>
	<StaticText item ="SBW_SpellName13">
		<ScreenID>SBW_SpellName13</ScreenID>
		<Font>1</Font>
		<RelativePosition>true</RelativePosition>
		<Location>
			<X>335</X>
			<Y>198</Y>
		</Location>
		<Size>
			<CX>84</CX>
			<CY>16</CY>
		</Size>
		<Text>Blahblah's Complete Healing</Text>
		<NoWrap>false</NoWrap>
		<AlignCenter>true</AlignCenter>
		<AlignRight>false</AlignRight>
	</StaticText>
	<Button item = "SBW_Spell14">
		<ScreenID>SBW_Spell14</ScreenID>
		<!--<Font>3</Font>-->
		<RelativePosition>true</RelativePosition>
		<Location>
			<X>270</X>
			<Y>221</Y>
		</Location>
		<Size>
			<CX>44</CX>
			<CY>44</CY>
		</Size>
		<Style_Transparent>false</Style_Transparent>
		<!--<TooltipReference/>-->
		<Style_Checkbox>false</Style_Checkbox>
		<!--<RadioGroup/>-->
		<ButtonDrawTemplate>
			<Normal>BlueIconBackground</Normal>
			<NormalDecal>BuffIcons</NormalDecal>
		</ButtonDrawTemplate>
		<!--<SoundPressed/>-->
		<!--<SoundUp/>-->
		<!--<SoundFlyby/>-->
		<DecalOffset>
			<X>2</X>
			<Y>2</Y>
		</DecalOffset>
		<DecalSize>
			<CX>40</CX>
			<CY>40</CY>
		</DecalSize>
	</Button>
	<StaticText item ="SBW_SpellName14">
		<ScreenID>SBW_SpellName14</ScreenID>
		<Font>1</Font>
		<RelativePosition>true</RelativePosition>
		<Location>
			<X>250</X>
			<Y>265</Y>
		</Location>
		<Size>
			<CX>84</CX>
			<CY>16</CY>
		</Size>
		<Text>Blahblah's Complete Healing</Text>
		<NoWrap>false</NoWrap>
		<AlignCenter>true</AlignCenter>
		<AlignRight>false</AlignRight>
	</StaticText>
	<Button item = "SBW_Spell15">
		<ScreenID>SBW_Spell15</ScreenID>
		<!--<Font>3</Font>-->
		<RelativePosition>true</RelativePosition>
		<Location>
			<X>355</X>
			<Y>221</Y>
		</Location>
		<Size>
			<CX>44</CX>
			<CY>44</CY>
		</Size>
		<Style_Transparent>false</Style_Transparent>
		<!--<TooltipReference/>-->
		<Style_Checkbox>false</Style_Checkbox>
		<!--<RadioGroup/>-->
		<ButtonDrawTemplate>
			<Normal>BlueIconBackground</Normal>
			<NormalDecal>BuffIcons</NormalDecal>
		</ButtonDrawTemplate>
		<!--<SoundPressed/>-->
		<!--<SoundUp/>-->
		<!--<SoundFlyby/>-->
		<DecalOffset>
			<X>2</X>
			<Y>2</Y>
		</DecalOffset>
		<DecalSize>
			<CX>40</CX>
			<CY>40</CY>
		</DecalSize>
	</Button>
	<StaticText item ="SBW_SpellName15">
		<ScreenID>SBW_SpellName15</ScreenID>
		<Font>1</Font>
		<RelativePosition>true</RelativePosition>
		<Location>
			<X>335</X>
			<Y>265</Y>
		</Location>
		<Size>
			<CX>84</CX>
			<CY>16</CY>
		</Size>
		<Text>Blahblah's Complete Healing</Text>
		<NoWrap>false</NoWrap>
		<AlignCenter>true</AlignCenter>
		<AlignRight>false</AlignRight>
	</StaticText>


	<Gauge item = "SBW_Memorize_Gauge">
		<ScreenID>SBW_Memorize_Gauge</ScreenID>
		<!--<Font>3</Font>-->
		<RelativePosition>true</RelativePosition>
		<Location>
			<X>70</X>
			<Y>330</Y>
		</Location>
		<Size>
			<CX>120</CX>
			<CY>16</CY>
		</Size>
		<GaugeOffsetY>0</GaugeOffsetY>
		<Style_Transparent>false</Style_Transparent>
		<!--<TooltipReference/>-->
		<FillTint>
				<R>200</R>
				<G>0</G>
				<B>200</B>
		</FillTint>
		<LinesFillTint>
				<R>0</R>
				<G>0</G>
				<B>0</B>
		</LinesFillTint>
		<DrawLinesFill>false</DrawLinesFill>
		<EQType>9</EQType>
		<GaugeDrawTemplate>
			<Background>A_GaugeBackground</Background>
			<Fill>A_GaugeFill</Fill>
			<Lines>A_GaugeLines</Lines>
			<LinesFill>A_GaugeLinesFill</LinesFill>
			<EndCapLeft>A_GaugeEndCapLeft</EndCapLeft>
			<EndCapRight>A_GaugeEndCapRight</EndCapRight>
		</GaugeDrawTemplate>
	</Gauge>
	<Gauge item = "SBW_Scribe_Gauge">
		<ScreenID>SBW_Memorize_Gauge</ScreenID>
		<!--<Font>3</Font>-->
		<RelativePosition>true</RelativePosition>
		<Location>
			<X>300</X>
			<Y>330</Y>
		</Location>
		<Size>
			<CX>120</CX>
			<CY>16</CY>
		</Size>
		<GaugeOffsetY>0</GaugeOffsetY>
		<Style_Transparent>false</Style_Transparent>
		<!--<TooltipReference/>-->
		<FillTint>
				<R>200</R>
				<G>0</G>
				<B>200</B>
		</FillTint>
		<LinesFillTint>
				<R>0</R>
				<G>0</G>
				<B>0</B>
		</LinesFillTint>
		<DrawLinesFill>false</DrawLinesFill>
		<EQType>10</EQType>
		<GaugeDrawTemplate>
			<Background>A_GaugeBackground</Background>
			<Fill>A_GaugeFill</Fill>
			<Lines>A_GaugeLines</Lines>
			<LinesFill>A_GaugeLinesFill</LinesFill>
			<EndCapLeft>A_GaugeEndCapLeft</EndCapLeft>
			<EndCapRight>A_GaugeEndCapRight</EndCapRight>
		</GaugeDrawTemplate>
	</Gauge>
	<Button item = "SBW_MemPage0_Button">
		<ScreenID>SBW_MemPage0_Button</ScreenID>
		<!--<Font>3</Font>-->
		<RelativePosition>true</RelativePosition>
		<Location>
			<X>76</X>
			<Y>305</Y>
		</Location>
		<Size>
			<CX>0</CX>
			<CY>0</CY>
			<!-- <CX>96</CX> -->
			<!-- <CY>20</CY> -->
		</Size>
		<Style_Transparent>false</Style_Transparent>
		<!--<TooltipReference/>-->
		<Style_Checkbox>false</Style_Checkbox>
		<!--<RadioGroup/>-->
		<Text>Mem. This Page</Text>
		<TextColor>
				<R>255</R>
				<G>255</G>
				<B>255</B>
		</TextColor>
		<ButtonDrawTemplate>
			<Normal>A_BtnNormal</Normal>
			<Pressed>A_BtnPressed</Pressed>
			<Flyby>A_BtnFlyby</Flyby>
			<Disabled>A_BtnDisabled</Disabled>
			<PressedFlyby>A_BtnPressedFlyby</PressedFlyby>
		</ButtonDrawTemplate>
		<!--<SoundPressed/>-->
		<!--<SoundUp/>-->
		<!--<SoundFlyby/>-->
	</Button>
	<Button item = "SBW_MemPage1_Button">
		<ScreenID>SBW_MemPage1_Button</ScreenID>
		<!--<Font>3</Font>-->
		<RelativePosition>true</RelativePosition>
		<Location>
			<X>306</X>
			<Y>305</Y>
		</Location>
		<Size>
			<CX>0</CX>
			<CY>0</CY>
			<!-- <CX>96</CX> -->
			<!-- <CY>20</CY> -->
		</Size>
		<Style_Transparent>false</Style_Transparent>
		<!--<TooltipReference/>-->
		<Style_Checkbox>false</Style_Checkbox>
		<!--<RadioGroup/>-->
		<Text>Mem. This Page</Text>
		<TextColor>
				<R>255</R>
				<G>255</G>
				<B>255</B>
		</TextColor>
		<ButtonDrawTemplate>
			<Normal>A_BtnNormal</Normal>
			<Pressed>A_BtnPressed</Pressed>
			<Flyby>A_BtnFlyby</Flyby>
			<Disabled>A_BtnDisabled</Disabled>
			<PressedFlyby>A_BtnPressedFlyby</PressedFlyby>
		</ButtonDrawTemplate>
		<!--<SoundPressed/>-->
		<!--<SoundUp/>-->
		<!--<SoundFlyby/>-->
	</Button>
	<Button item = "SBW_PageDown_Button">
		<ScreenID>SBW_PageDown_Button</ScreenID>
		<!--<Font>3</Font>-->
		<RelativePosition>true</RelativePosition>
		<Location>
			<X>3</X>
			<Y>150</Y>
		</Location>
		<Size>
			<CX>30</CX>
			<CY>32</CY>
		</Size>
		<Style_Transparent>false</Style_Transparent>
		<!--<TooltipReference/>-->
		<Style_Checkbox>false</Style_Checkbox>
		<!--<RadioGroup/>-->
		<Text/>
		<TextColor>
				<R>255</R>
				<G>255</G>
				<B>255</B>
		</TextColor>
		<ButtonDrawTemplate>
			<Normal>A_LeftArrowBtnNormal</Normal>
			<Pressed>A_LeftArrowBtnPressed</Pressed>
			<Flyby>A_LeftArrowBtnFlyby</Flyby>
			<Disabled>A_LeftArrowBtnDisabled</Disabled>
			<PressedFlyby>A_LeftArrowBtnPressedFlyby</PressedFlyby>
		</ButtonDrawTemplate>
		<!--<SoundPressed/>-->
		<!--<SoundUp/>-->
		<!--<SoundFlyby/>-->
	</Button>
	<Button item = "SBW_PageUp_Button">
		<ScreenID>SBW_PageUp_Button</ScreenID>
		<!--<Font>3</Font>-->
		<RelativePosition>true</RelativePosition>
		<Location>
			<X>452</X>
			<Y>150</Y>
		</Location>
		<Size>
			<CX>30</CX>
			<CY>32</CY>
		</Size>
		<Style_Transparent>false</Style_Transparent>
		<!--<TooltipReference/>-->
		<Style_Checkbox>false</Style_Checkbox>
		<!--<RadioGroup/>-->
		<Text/>
		<TextColor>
				<R>255</R>
				<G>255</G>
				<B>255</B>
		</TextColor>
		<ButtonDrawTemplate>
			<Normal>A_RightArrowBtnNormal</Normal>
			<Pressed>A_RightArrowBtnPressed</Pressed>
			<Flyby>A_RightArrowBtnFlyby</Flyby>
			<Disabled>A_RightArrowBtnDisabled</Disabled>
			<PressedFlyby>A_RightArrowBtnPressedFlyby</PressedFlyby>
		</ButtonDrawTemplate>
		<!--<SoundPressed/>-->
		<!--<SoundUp/>-->
		<!--<SoundFlyby/>-->
	</Button>

	<StaticText item ="SBW_LeftPageNum">
		<ScreenID>SBW_LeftPageNum</ScreenID>
		<!--<Font>3</Font>-->
		<RelativePosition>true</RelativePosition>
		<Location>
			<X>63</X>
			<Y>34</Y>
		</Location>
		<Size>
			<CX>20</CX>
			<CY>16</CY>
		</Size>
		<Text>98</Text>
		<NoWrap>true</NoWrap>
		<AlignCenter>true</AlignCenter>
		<AlignRight>false</AlignRight>
	</StaticText>
	<StaticText item ="SBW_RightPageNum">
		<ScreenID>SBW_RightPageNum</ScreenID>
		<!--<Font>3</Font>-->
		<RelativePosition>true</RelativePosition>
		<Location>
			<X>403</X>
			<Y>34</Y>
		</Location>
		<Size>
			<CX>20</CX>
			<CY>16</CY>
		</Size>
		<Text>99</Text>
		<NoWrap>true</NoWrap>
		<AlignCenter>true</AlignCenter>
		<AlignRight>false</AlignRight>
	</StaticText>

	<StaticAnimation item = "SBW_SpellBook1">
		<ScreenID>SBW_SpellBook1</ScreenID>
		<RelativePosition>true</RelativePosition>
		<Location>
			<X>17</X>
			<Y>0</Y>
		</Location>
		<Size>
			<CX>256</CX>
			<CY>256</CY>
		</Size>
		<Animation>A_SpellBook01</Animation>
	</StaticAnimation>
	<StaticAnimation item = "SBW_SpellBook2">
		<ScreenID>SBW_SpellBook2</ScreenID>
		<RelativePosition>true</RelativePosition>
		<Location>
			<X>273</X>
			<Y>0</Y>
		</Location>
		<Size>
			<CX>256</CX>
			<CY>256</CY>
		</Size>
		<Animation>A_SpellBook02</Animation>
	</StaticAnimation>
	<StaticAnimation item = "SBW_SpellBook3">
		<ScreenID>SBW_SpellBook3</ScreenID>
		<RelativePosition>true</RelativePosition>
		<Location>
			<X>17</X>
			<Y>256</Y>
		</Location>
		<Size>
			<CX>256</CX>
			<CY>75</CY>
		</Size>
		<Animation>A_SpellBook03</Animation>
	</StaticAnimation>
	<StaticAnimation item = "SBW_SpellBook4">
		<ScreenID>SBW_SpellBook4</ScreenID>
		<RelativePosition>true</RelativePosition>
		<Location>
			<X>273</X>
			<Y>256</Y>
		</Location>
		<Size>
			<CX>256</CX>
			<CY>75</CY>
		</Size>
		<Animation>A_SpellBook04</Animation>
	</StaticAnimation>
	<Button item = "SBW_DoneButton">
		<ScreenID>DoneButton</ScreenID>
		<!--<Font>3</Font>-->
		<RelativePosition>true</RelativePosition>
		<AutoStretch>true</AutoStretch>
		<LeftAnchorOffset>303</LeftAnchorOffset>
		<TopAnchorOffset>26</TopAnchorOffset>
		<RightAnchorOffset>195</RightAnchorOffset>
		<BottomAnchorOffset>2</BottomAnchorOffset>
		<TopAnchorToTop>false</TopAnchorToTop>
		<BottomAnchorToTop>false</BottomAnchorToTop>
		<RightAnchorToLeft>false</RightAnchorToLeft>
		<LeftAnchorToLeft>false</LeftAnchorToLeft>
		<Style_Transparent>false</Style_Transparent>
		<!--<TooltipReference/>-->
		<Style_Checkbox>false</Style_Checkbox>
		<!--<RadioGroup/>-->
		<Text>Done</Text>
		<TextColor>
				<R>255</R>
				<G>255</G>
				<B>255</B>
		</TextColor>
		<ButtonDrawTemplate>
			<Normal>A_BtnNormal</Normal>
			<Pressed>A_BtnPressed</Pressed>
			<Flyby>A_BtnFlyby</Flyby>
			<Disabled>A_BtnDisabled</Disabled>
			<PressedFlyby>A_BtnPressedFlyby</PressedFlyby>
		</ButtonDrawTemplate>
		<!--<SoundPressed/>-->
		<!--<<SoundUp/>-->
		<!--<SoundFlyby/>-->
	</Button>
	<Screen item = "SpellBookWnd">
		<!--<ScreenID/>-->
		<RelativePosition>false</RelativePosition>
		<Location>
			<X>40</X>
			<Y>10</Y>
		</Location>
		<Size>
			<CX>498</CX>
			<CY>395</CY>
		</Size>
		<Text>Spell Book</Text>
		<Style_Transparent>false</Style_Transparent>
		<TooltipReference>Your Spell Book</TooltipReference>
		<DrawTemplate>WDT_Rounded</DrawTemplate>
		<Style_Titlebar>true</Style_Titlebar>
		<Style_Closebox>true</Style_Closebox>
		<Style_Minimizebox>true</Style_Minimizebox>
		<Style_Border>true</Style_Border>
		<Style_Sizable>false</Style_Sizable>
		<Pieces>SBW_SpellBook1</Pieces>
		<Pieces>SBW_SpellBook2</Pieces>
		<Pieces>SBW_SpellBook3</Pieces>
		<Pieces>SBW_SpellBook4</Pieces>
		<Pieces>SBW_Spell0</Pieces>
		<Pieces>SBW_SpellName0</Pieces>
		<Pieces>SBW_Spell1</Pieces>
		<Pieces>SBW_SpellName1</Pieces>
		<Pieces>SBW_Spell2</Pieces>
		<Pieces>SBW_SpellName2</Pieces>
		<Pieces>SBW_Spell3</Pieces>
		<Pieces>SBW_SpellName3</Pieces>
		<Pieces>SBW_Spell4</Pieces>
		<Pieces>SBW_SpellName4</Pieces>
		<Pieces>SBW_Spell5</Pieces>
		<Pieces>SBW_SpellName5</Pieces>
		<Pieces>SBW_Spell6</Pieces>
		<Pieces>SBW_SpellName6</Pieces>
		<Pieces>SBW_Spell7</Pieces>
		<Pieces>SBW_SpellName7</Pieces>
		<Pieces>SBW_Spell8</Pieces>
		<Pieces>SBW_SpellName8</Pieces>
		<Pieces>SBW_Spell9</Pieces>
		<Pieces>SBW_SpellName9</Pieces>
		<Pieces>SBW_Spell10</Pieces>
		<Pieces>SBW_SpellName10</Pieces>
		<Pieces>SBW_Spell11</Pieces>
		<Pieces>SBW_SpellName11</Pieces>
		<Pieces>SBW_Spell12</Pieces>
		<Pieces>SBW_SpellName12</Pieces>
		<Pieces>SBW_Spell13</Pieces>
		<Pieces>SBW_SpellName13</Pieces>
		<Pieces>SBW_Spell14</Pieces>
		<Pieces>SBW_SpellName14</Pieces>
		<Pieces>SBW_Spell15</Pieces>
		<Pieces>SBW_SpellName15</Pieces>
		<Pieces>SBW_Memorize_Gauge</Pieces>
		<Pieces>SBW_Scribe_Gauge</Pieces>
		<Pieces>SBW_MemPage0_Button</Pieces>
		<Pieces>SBW_MemPage1_Button</Pieces>
		<Pieces>SBW_PageDown_Button</Pieces>
		<Pieces>SBW_PageUp_Button</Pieces>
		<Pieces>SBW_LeftPageNum</Pieces>
		<Pieces>SBW_RightPageNum</Pieces>
		<Pieces>SBW_DoneButton</Pieces>
	</Screen>

</XML>