<?xml version = "1.0"?>
<XML ID = "EQInterfaceDefinitionLanguage">
	<Schema xmlns = "EverQuestData" xmlns:dt = "EverQuestDataTypes"/>

	<Button item = "HELP_BackButton">
		<ScreenID>BackButton</ScreenID>
		<!--<Font>3</Font>-->
		<RelativePosition>true</RelativePosition>
		<Location>
			<X>2</X>
			<Y>2</Y>
		</Location>
		<Size>
			<CX>40</CX>
			<CY>24</CY>
		</Size>
		<!--<TooltipReference/>-->
		<Style_Checkbox>false</Style_Checkbox>
		<Text>Back</Text>
		<TextColor>
				<R>255</R>
				<G>255</G>
				<B>255</B>
		</TextColor>
		<ButtonDrawTemplate>
			<Normal>A_BtnNormal</Normal>
			<Pressed>A_BtnPressed</Pressed>
			<Flyby>A_BtnFlyby</Flyby>
			<Disabled>A_BtnDisabled</Disabled>
			<PressedFlyby>A_BtnPressedFlyby</PressedFlyby>
		</ButtonDrawTemplate>
	</Button>
	<Button item = "HELP_Contents">
		<ScreenID>Contents</ScreenID>
		<!--<Font>3</Font>-->
		<RelativePosition>true</RelativePosition>
		<AutoStretch>true</AutoStretch>
		<LeftAnchorOffset>82</LeftAnchorOffset>
		<TopAnchorOffset>2</TopAnchorOffset>
		<RightAnchorOffset>2</RightAnchorOffset>
		<BottomAnchorOffset>26</BottomAnchorOffset>
		<TopAnchorToTop>true</TopAnchorToTop>
		<BottomAnchorToTop>true</BottomAnchorToTop>
		<RightAnchorToLeft>false</RightAnchorToLeft>
		<LeftAnchorToLeft>false</LeftAnchorToLeft>
		<Size>
			<CX>40</CX>
			<CY>24</CY>
		</Size>
		<!--<TooltipReference/>-->
		<Style_Checkbox>false</Style_Checkbox>
		<Text>Contents</Text>
		<TextColor>
				<R>255</R>
				<G>255</G>
				<B>255</B>
		</TextColor>
		<ButtonDrawTemplate>
			<Normal>A_BtnNormal</Normal>
			<Pressed>A_BtnPressed</Pressed>
			<Flyby>A_BtnFlyby</Flyby>
			<Disabled>A_BtnDisabled</Disabled>
			<PressedFlyby>A_BtnPressedFlyby</PressedFlyby>
		</ButtonDrawTemplate>
	</Button>
	<Label item ="HELP_Title">
		<ScreenID>Title</ScreenID>
		<Font>5</Font>
		<TextColor>
				<R>255</R>
				<G>255</G>
				<B>255</B>
		</TextColor>
		<RelativePosition>true</RelativePosition>
		<Text></Text>
		<NoWrap>true</NoWrap>
		<AlignCenter>true</AlignCenter>
		<AlignRight>false</AlignRight>
		<AutoStretch>true</AutoStretch>
		<LeftAnchorOffset>44</LeftAnchorOffset>
		<TopAnchorOffset>2</TopAnchorOffset>
		<RightAnchorOffset>2</RightAnchorOffset>
		<BottomAnchorOffset>26</BottomAnchorOffset>
		<RightAnchorToLeft>false</RightAnchorToLeft>
		<BottomAnchorToTop>true</BottomAnchorToTop>
	</Label>
	<STMLbox item = "HELP_Display">
		<ScreenID>Display</ScreenID>
		<DrawTemplate>WDT_Inner</DrawTemplate>
		<RelativePosition>true</RelativePosition>
		<Style_VScroll>true</Style_VScroll>
		<AutoStretch>true</AutoStretch>
		<LeftAnchorOffset>2</LeftAnchorOffset>
		<TopAnchorOffset>26</TopAnchorOffset>
		<RightAnchorOffset>2</RightAnchorOffset>
		<BottomAnchorOffset>2</BottomAnchorOffset>
		<RightAnchorToLeft>false</RightAnchorToLeft>
		<BottomAnchorToTop>false</BottomAnchorToTop>
		<Style_Border>true</Style_Border>
	</STMLbox>
	<Screen item = "HelpWindow">
		<!--<ScreenID/>-->
		<RelativePosition>false</RelativePosition>
		<Location>
			<X>100</X>
			<Y>200</Y>
		</Location>
		<Size>
			<CX>320</CX>
			<CY>200</CY>
		</Size>
		<Text>Help</Text>
		<Style_VScroll>false</Style_VScroll>
		<Style_HScroll>false</Style_HScroll>
		<Style_Transparent>false</Style_Transparent>
		<!--<TooltipReference/>-->
		<DrawTemplate>WDT_Def</DrawTemplate>
		<Style_Titlebar>true</Style_Titlebar>
		<Style_Closebox>true</Style_Closebox>
		<Style_Minimizebox>true</Style_Minimizebox>
		<Style_Border>true</Style_Border>
		<Style_Sizable>true</Style_Sizable>
		<Pieces>HELP_Display</Pieces>
		<Pieces>HELP_BackButton</Pieces>
		<Pieces>HELP_Title</Pieces>
		<Pieces>HELP_Contents</Pieces>
	</Screen>

</XML>
