<?xml version = "1.0"?>
<XML ID = "EQInterfaceDefinitionLanguage">
	<Schema xmlns = "EverQuestData" xmlns:dt = "EverQuestDataTypes"/>

<!-- the help displayed from the chat screen -->
	<Button item = "HELP_OKButton">
		<ScreenID>OKButton</ScreenID>
		<Font>4</Font>
		<RelativePosition>true</RelativePosition>


		<AutoStretch>true</AutoStretch>
		<LeftAnchorOffset>40</LeftAnchorOffset>
		<RightAnchorOffset>155</RightAnchorOffset>
		<TopAnchorOffset>55</TopAnchorOffset>
		<BottomAnchorOffset>24</BottomAnchorOffset>

		<RightAnchorToLeft>true</RightAnchorToLeft>
		<LeftAnchorToLeft>true</LeftAnchorToLeft>
		<TopAnchorToTop>false</TopAnchorToTop>
		<BottomAnchorToTop>false</BottomAnchorToTop>

		<TooltipReference>Close this window.</TooltipReference>
		<Style_Checkbox>false</Style_Checkbox>
		<Text>OK</Text>
		<TextColor>
				<R>255</R>
				<G>255</G>
				<B>255</B>
		</TextColor>
		<ButtonDrawTemplate>
			<Normal>A_EQLS_SmallBtnNormal</Normal>
			<Pressed>A_EQLS_SmallBtnPressed</Pressed>
			<Flyby>A_EQLS_SmallBtnHover</Flyby>
			<Disabled>A_EQLS_SmallBtnDisabled</Disabled>
			<PressedFlyby>A_EQLS_SmallBtnPressedHover</PressedFlyby>
		</ButtonDrawTemplate>
	</Button>
	<STMLbox item = "HELP_Display">
		<ScreenID>Display</ScreenID>
		<DrawTemplate>WDT_EQLS_Def_Bordered</DrawTemplate>
		<RelativePosition>true</RelativePosition>
		<Style_VScroll>true</Style_VScroll>
		<AutoStretch>true</AutoStretch>
		<LeftAnchorOffset>40</LeftAnchorOffset>
		<TopAnchorOffset>70</TopAnchorOffset>
		<RightAnchorOffset>40</RightAnchorOffset>
		<BottomAnchorOffset>75</BottomAnchorOffset>
		<TopAnchorToTop>true</TopAnchorToTop>
		<BottomAnchorToTop>false</BottomAnchorToTop>
		<RightAnchorToLeft>false</RightAnchorToLeft>
		<LeftAnchorToLeft>true</LeftAnchorToLeft>
		<Style_Border>true</Style_Border>
	</STMLbox>
	<Label item = "HELP_WndLabel">
		<ScreenID>WndLabel</ScreenID>
		<Font>5</Font>
		<RelativePosition>true</RelativePosition>
		<Location>
			<X>200</X>
			<Y>20</Y>
		</Location>
		<Size>
			<CX>270</CX>
			<CY>25</CY>
		</Size>
		<Text>HELP</Text>
		<TextColor>
				<R>255</R>
				<G>218</G>
				<B>96</B>
		</TextColor>
		<NoWrap>true</NoWrap>
		<AlignCenter>true</AlignCenter>
		<AlignRight>false</AlignRight>
	</Label>
	<Screen item = "chathelp">
		<!--<ScreenID/>-->
		<RelativePosition>true</RelativePosition>
		<Location>
			<X>0</X>
			<Y>0</Y>
		</Location>
		<Size>
			<CX>640</CX>
			<CY>480</CY>
		</Size>

		<Text>Help</Text>
		<Style_VScroll>false</Style_VScroll>
		<Style_HScroll>false</Style_HScroll>
		<Style_Transparent>false</Style_Transparent>
		<!--<TooltipReference/>-->
		<DrawTemplate>WDT_EQLS_Def_NoFrame</DrawTemplate>
		<Style_Titlebar>false</Style_Titlebar>
		<Style_Closebox>false</Style_Closebox>
		<Style_Minimizebox>false</Style_Minimizebox>
		<Style_Border>false</Style_Border>
		<Style_Sizable>false</Style_Sizable>
		<Pieces>EQLS_AltBG01</Pieces>
		<Pieces>EQLS_AltBG02</Pieces>
		<Pieces>EQLS_AltBG03</Pieces>
		<Pieces>EQLS_AltBG04</Pieces>
		<Pieces>EQLS_AltBG05</Pieces>
		<Pieces>EQLS_AltBG06</Pieces>
		<Pieces>HELP_OKButton</Pieces>
		<Pieces>HELP_Display</Pieces>
		<Pieces>HELP_WndLabel</Pieces>
	</Screen>
<!-- End chat help -->
	
<!-- Seizure warning - uses chat help components -->
	<Label item = "SHELP_WndLabel">
		<ScreenID>SWndLabel</ScreenID>
		<Font>5</Font>
		<RelativePosition>true</RelativePosition>
		<Location>
			<X>210</X>
			<Y>16</Y>
		</Location>
		<Size>
			<CX>270</CX>
			<CY>27</CY>
		</Size>
		<Text>Seizure Warning</Text>
		<TextColor>
				<R>255</R>
				<G>218</G>
				<B>96</B>
		</TextColor>
		<NoWrap>true</NoWrap>
		<AlignCenter>true</AlignCenter>
		<AlignRight>false</AlignRight>
	</Label>
	<Screen item = "seizurewarning">
		<!--<ScreenID/>-->
		<RelativePosition>true</RelativePosition>
		<Location>
			<X>0</X>
			<Y>0</Y>
		</Location>
		<Size>
			<CX>640</CX>
			<CY>480</CY>
		</Size>

		<Text>Warning</Text>
		<Style_VScroll>false</Style_VScroll>
		<Style_HScroll>false</Style_HScroll>
		<Style_Transparent>false</Style_Transparent>
		<!--<TooltipReference/>-->
		<DrawTemplate>WDT_EQLS_Def_NoFrame</DrawTemplate>
		<Style_Titlebar>false</Style_Titlebar>
		<Style_Closebox>false</Style_Closebox>
		<Style_Minimizebox>false</Style_Minimizebox>
		<Style_Border>false</Style_Border>
		<Style_Sizable>false</Style_Sizable>
		<Pieces>EQLS_AltBG01</Pieces>
		<Pieces>EQLS_AltBG02</Pieces>
		<Pieces>EQLS_AltBG03</Pieces>
		<Pieces>EQLS_AltBG04</Pieces>
		<Pieces>EQLS_AltBG05</Pieces>
		<Pieces>EQLS_AltBG06</Pieces>
		<Pieces>HELP_OKButton</Pieces>
		<Pieces>HELP_Display</Pieces>
		<Pieces>SHELP_WndLabel</Pieces>
	</Screen>
<!-- End Seizure warning -->




<!-- the help displayed from the main screen -->
	<Button item = "MAINHELP_OKButton">
		<ScreenID>OKButton</ScreenID>
		<Font>4</Font>
		<RelativePosition>true</RelativePosition>
		<Location>
			<X>393</X>
			<Y>412</Y>
		</Location>
		<Size>
			<CX>115</CX>
			<CY>31</CY>
		</Size>
		<TooltipReference>Close this window.</TooltipReference>
		<Style_Checkbox>false</Style_Checkbox>
		<Text>OK</Text>
		<TextColor>
				<R>255</R>
				<G>255</G>
				<B>255</B>
		</TextColor>
		<ButtonDrawTemplate>
			<Normal>A_EQLS_SmallBtnNormal</Normal>
			<Pressed>A_EQLS_SmallBtnPressed</Pressed>
			<Flyby>A_EQLS_SmallBtnHover</Flyby>
			<Disabled>A_EQLS_SmallBtnDisabled</Disabled>
			<PressedFlyby>A_EQLS_SmallBtnPressedHover</PressedFlyby>
		</ButtonDrawTemplate>
	</Button>
	<STMLbox item = "MAINHELP_Display">
		<ScreenID>Display</ScreenID>
		<DrawTemplate>WDT_EQLS_Def_Bordered</DrawTemplate>
		<RelativePosition>true</RelativePosition>
		<Style_VScroll>true</Style_VScroll>
		<Location>
			<X>300</X>
			<Y>148</Y>
		</Location>
		<Size>
			<CX>300</CX>
			<CY>260</CY>
		</Size>
		<Style_Border>true</Style_Border>
	</STMLbox>
	<Screen item = "mainhelp">
		<!--<ScreenID/>-->
		<RelativePosition>true</RelativePosition>
		<Location>
			<X>0</X>
			<Y>0</Y>
		</Location>
		<Size>
			<CX>640</CX>
			<CY>480</CY>
		</Size>

		<Text>Help</Text>
		<Style_VScroll>false</Style_VScroll>
		<Style_HScroll>false</Style_HScroll>
		<Style_Transparent>false</Style_Transparent>
		<!--<TooltipReference/>-->
		<DrawTemplate>WDT_EQLS_Def_NoFrame</DrawTemplate>
		<Style_Titlebar>false</Style_Titlebar>
		<Style_Closebox>false</Style_Closebox>
		<Style_Minimizebox>false</Style_Minimizebox>
		<Style_Border>false</Style_Border>
		<Style_Sizable>false</Style_Sizable>
		<Pieces>EQLS_MainBG01</Pieces>
		<Pieces>EQLS_MainBG02</Pieces>
		<Pieces>EQLS_MainBG03</Pieces>
		<Pieces>EQLS_MainBG04</Pieces>
		<Pieces>EQLS_MainBG05</Pieces>
		<Pieces>EQLS_MainBG06</Pieces>
		<Pieces>MAINHELP_OKButton</Pieces>
		<Pieces>MAINHELP_Display</Pieces>
	</Screen>
<!-- End of the help from the main screen -->
</XML>
