<?xml version = "1.0"?>
<XML ID = "EQInterfaceDefinitionLanguage">
	<Schema xmlns = "EverQuestData" xmlns:dt = "EverQuestDataTypes"/>


	<Button item = "FPW_Face_Down_Button">
		<ScreenID>Face_Down_Button</ScreenID>
		<!--<Font>3</Font>-->
		<RelativePosition>true</RelativePosition>
		<Location>
			<X>15</X>
			<Y>4</Y>
		</Location>
		<Size>
			<CX>22</CX>
			<CY>12</CY>
		</Size>
		<ButtonDrawTemplate>
  			<Normal>A_HSBLeftNormal</Normal> 
			<Pressed>A_HSBLeftPressed</Pressed> 
			<Flyby>A_HSBLeftFlyby</Flyby> 
			<Disabled>A_HSBLeftDisabled</Disabled> 
			<PressedFlyby>A_HSBLeftPressedFlyby</PressedFlyby> 
		</ButtonDrawTemplate>
		<Style_VScroll>false</Style_VScroll>
		<Style_HScroll>false</Style_HScroll>
		<Style_Transparent>false</Style_Transparent>
		<!--<TooltipReference/>-->
		<Style_Checkbox>false</Style_Checkbox>
	</Button>

	<StaticText item ="FPW_Face_Text">
		<ScreenID>Face_Text</ScreenID>
		<!--<Font>3</Font>-->
		<RelativePosition>true</RelativePosition>
		<Location>
			<X>45</X>
			<Y>2</Y>
		</Location>
		<Size>
			<CX>80</CX>
			<CY>16</CY>
		</Size>
		<Text>FACE</Text>
		<TextColor>
				<R>255</R>
				<G>255</G>
				<B>255</B>
		</TextColor>
		<NoWrap>false</NoWrap>
		<AlignCenter>true</AlignCenter>
		<AlignRight>false</AlignRight>
	</StaticText>

	<Button item = "FPW_Face_Up_Button">
		<ScreenID>Face_Up_Button</ScreenID>
		<!--<Font>3</Font>-->
		<RelativePosition>true</RelativePosition>
		<Location>
			<X>133</X>
			<Y>4</Y>
		</Location>
		<Size>
			<CX>22</CX>
			<CY>12</CY>
		</Size>
		<Style_VScroll>false</Style_VScroll>
		<Style_HScroll>false</Style_HScroll>
		<Style_Transparent>false</Style_Transparent>
		<!--<TooltipReference/>-->
		<Style_Checkbox>false</Style_Checkbox>
		<!--<RadioGroup/>-->
		<ButtonDrawTemplate>
  			<Normal>A_HSBRightNormal</Normal> 
			<Pressed>A_HSBRightPressed</Pressed> 
			<Flyby>A_HSBRightFlyby</Flyby> 
			<Disabled>A_HSBRightDisabled</Disabled> 
			<PressedFlyby>A_HSBRightPressedFlyby</PressedFlyby> 
		</ButtonDrawTemplate>
		<SoundPressed/>
		<SoundUp/>
		<SoundFlyby/>
	</Button>

	<Button item = "FPW_Hair_Down_Button">
		<ScreenID>Hair_Down_Button</ScreenID>
		<!--<Font>3</Font>-->
		<RelativePosition>true</RelativePosition>
		<Location>
			<X>15</X>
			<Y>24</Y>
		</Location>
		<Size>
			<CX>22</CX>
			<CY>12</CY>
		</Size>
		<Style_VScroll>false</Style_VScroll>
		<Style_HScroll>false</Style_HScroll>
		<Style_Transparent>false</Style_Transparent>
		<TooltipReference/>
		<Style_Checkbox>false</Style_Checkbox>
		<RadioGroup/>
		<ButtonDrawTemplate>
  			<Normal>A_HSBLeftNormal</Normal> 
			<Pressed>A_HSBLeftPressed</Pressed> 
			<Flyby>A_HSBLeftFlyby</Flyby> 
			<Disabled>A_HSBLeftDisabled</Disabled> 
			<PressedFlyby>A_HSBLeftPressedFlyby</PressedFlyby> 
		</ButtonDrawTemplate>
	</Button>

	<StaticText item ="FPW_Hair_Text">
		<ScreenID>Hair_Text</ScreenID>
		<!--<Font>3</Font>-->
		<RelativePosition>true</RelativePosition>
		<Location>
			<X>45</X>
			<Y>22</Y>
		</Location>
		<Size>
			<CX>80</CX>
			<CY>16</CY>
		</Size>
		<Text>HAIR</Text>
		<TextColor>
				<R>255</R>
				<G>255</G>
				<B>255</B>
		</TextColor>
		<NoWrap>false</NoWrap>
		<AlignCenter>true</AlignCenter>
		<AlignRight>false</AlignRight>
	</StaticText>


	<Button item = "FPW_Hair_Up_Button">
		<ScreenID>Hair_Up_Button</ScreenID>
		<!--<Font>3</Font>-->
		<RelativePosition>true</RelativePosition>
		<Location>
			<X>133</X>
			<Y>24</Y>
		</Location>
		<Size>
			<CX>22</CX>
			<CY>12</CY>
		</Size>
		<Style_VScroll>false</Style_VScroll>
		<Style_HScroll>false</Style_HScroll>
		<Style_Transparent>false</Style_Transparent>
		<TooltipReference/>
		<Style_Checkbox>false</Style_Checkbox>
		<RadioGroup/>
		<ButtonDrawTemplate>
  			<Normal>A_HSBRightNormal</Normal> 
			<Pressed>A_HSBRightPressed</Pressed> 
			<Flyby>A_HSBRightFlyby</Flyby> 
			<Disabled>A_HSBRightDisabled</Disabled> 
			<PressedFlyby>A_HSBRightPressedFlyby</PressedFlyby> 
		</ButtonDrawTemplate>
	</Button>

	<Button item = "FPW_Hair_Color_Down_Button">
		<ScreenID>Hair_Color_Down_Button</ScreenID>
		<!--<Font>3</Font>-->
		<RelativePosition>true</RelativePosition>
		<Location>
			<X>15</X>
			<Y>44</Y>
		</Location>
		<Size>
			<CX>22</CX>
			<CY>12</CY>
		</Size>
		<Style_VScroll>false</Style_VScroll>
		<Style_HScroll>false</Style_HScroll>
		<Style_Transparent>false</Style_Transparent>
		<!--<TooltipReference/>-->
		<Style_Checkbox>false</Style_Checkbox>
		<RadioGroup/>
		<ButtonDrawTemplate>
  			<Normal>A_HSBLeftNormal</Normal> 
			<Pressed>A_HSBLeftPressed</Pressed> 
			<Flyby>A_HSBLeftFlyby</Flyby> 
			<Disabled>A_HSBLeftDisabled</Disabled> 
			<PressedFlyby>A_HSBLeftPressedFlyby</PressedFlyby> 
		</ButtonDrawTemplate>
	</Button>

	<StaticText item ="FPW_Hair_Color_Text">
		<ScreenID>Hair_Color_Text</ScreenID>
		<!--<Font>3</Font>-->
		<RelativePosition>true</RelativePosition>
		<Location>
			<X>45</X>
			<Y>42</Y>
		</Location>
		<Size>
			<CX>80</CX>
			<CY>16</CY>
		</Size>
		<Text>HAIR COLOR</Text>
		<TextColor>
				<R>255</R>
				<G>255</G>
				<B>255</B>
		</TextColor>
		<NoWrap>false</NoWrap>
		<AlignCenter>true</AlignCenter>
		<AlignRight>false</AlignRight>
	</StaticText>

	<Button item = "FPW_Hair_Color_Up_Button">
		<ScreenID>Hair_Color_Up_Button</ScreenID>
		<!--<Font>3</Font>-->
		<RelativePosition>true</RelativePosition>
		<Location>
			<X>133</X>
			<Y>44</Y>
		</Location>
		<Size>
			<CX>22</CX>
			<CY>12</CY>
		</Size>
		<Style_VScroll>false</Style_VScroll>
		<Style_HScroll>false</Style_HScroll>
		<Style_Transparent>false</Style_Transparent>
		<!--<TooltipReference/>-->
		<Style_Checkbox>false</Style_Checkbox>
		<!--<RadioGroup/>-->
		<ButtonDrawTemplate>
  			<Normal>A_HSBRightNormal</Normal> 
			<Pressed>A_HSBRightPressed</Pressed> 
			<Flyby>A_HSBRightFlyby</Flyby> 
			<Disabled>A_HSBRightDisabled</Disabled> 
			<PressedFlyby>A_HSBRightPressedFlyby</PressedFlyby> 
		</ButtonDrawTemplate>
	</Button>

	<Button item = "FPW_Eyes_Down_Button">
		<ScreenID>Eyes_Down_Button</ScreenID>
		<!--<Font>3</Font>-->
		<RelativePosition>true</RelativePosition>
		<Location>
			<X>15</X>
			<Y>64</Y>
		</Location>
		<Size>
			<CX>22</CX>
			<CY>12</CY>
		</Size>
		<Style_VScroll>false</Style_VScroll>
		<Style_HScroll>false</Style_HScroll>
		<Style_Transparent>false</Style_Transparent>
		<!--<TooltipReference/>-->
		<Style_Checkbox>false</Style_Checkbox>
		<!--<RadioGroup/>-->
		<ButtonDrawTemplate>
  			<Normal>A_HSBLeftNormal</Normal> 
			<Pressed>A_HSBLeftPressed</Pressed> 
			<Flyby>A_HSBLeftFlyby</Flyby> 
			<Disabled>A_HSBLeftDisabled</Disabled> 
			<PressedFlyby>A_HSBLeftPressedFlyby</PressedFlyby> 
		</ButtonDrawTemplate>
	</Button>

	<StaticText item ="FPW_Eyes_Text">
		<ScreenID>Eyes_Text</ScreenID>
		<!--<Font>3</Font>-->
		<RelativePosition>true</RelativePosition>
		<Location>
			<X>45</X>
			<Y>62</Y>
		</Location>
		<Size>
			<CX>80</CX>
			<CY>16</CY>
		</Size>
		<Text>EYES</Text>
		<TextColor>
				<R>255</R>
				<G>255</G>
				<B>255</B>
		</TextColor>
		<NoWrap>false</NoWrap>
		<AlignCenter>true</AlignCenter>
		<AlignRight>false</AlignRight>
	</StaticText>

	<Button item = "FPW_Eyes_Up_Button">
		<ScreenID>Eyes_Up_Button</ScreenID>
		<!--<Font>3</Font>-->
		<RelativePosition>true</RelativePosition>
		<Location>
			<X>133</X>
			<Y>64</Y>
		</Location>
		<Size>
			<CX>22</CX>
			<CY>12</CY>
		</Size>
		<Style_VScroll>false</Style_VScroll>
		<Style_HScroll>false</Style_HScroll>
		<Style_Transparent>false</Style_Transparent>
		<!--<TooltipReference/>-->
		<Style_Checkbox>false</Style_Checkbox>
		<!--<RadioGroup/>-->
		<ButtonDrawTemplate>
  			<Normal>A_HSBRightNormal</Normal> 
			<Pressed>A_HSBRightPressed</Pressed> 
			<Flyby>A_HSBRightFlyby</Flyby> 
			<Disabled>A_HSBRightDisabled</Disabled> 
			<PressedFlyby>A_HSBRightPressedFlyby</PressedFlyby> 
		</ButtonDrawTemplate>
	</Button>

	<Button item = "FPW_Beard_Down_Button">
		<ScreenID>Beard_Down_Button</ScreenID>
		<!--<Font>3</Font>-->
		<RelativePosition>true</RelativePosition>
		<Location>
			<X>15</X>
			<Y>84</Y>
		</Location>
		<Size>
			<CX>22</CX>
			<CY>12</CY>
		</Size>
		<Style_VScroll>false</Style_VScroll>
		<Style_HScroll>false</Style_HScroll>
		<Style_Transparent>false</Style_Transparent>
		<!--<TooltipReference/>-->
		<Style_Checkbox>false</Style_Checkbox>
		<!--<RadioGroup/>-->
		<ButtonDrawTemplate>
  			<Normal>A_HSBLeftNormal</Normal> 
			<Pressed>A_HSBLeftPressed</Pressed> 
			<Flyby>A_HSBLeftFlyby</Flyby> 
			<Disabled>A_HSBLeftDisabled</Disabled> 
			<PressedFlyby>A_HSBLeftPressedFlyby</PressedFlyby> 
		</ButtonDrawTemplate>
	</Button>

	<StaticText item ="FPW_Beard_Text">
		<ScreenID>Beard_Text</ScreenID>
		<!--<Font>3</Font>-->
		<RelativePosition>true</RelativePosition>
		<Location>
			<X>45</X>
			<Y>82</Y>
		</Location>
		<Size>
			<CX>80</CX>
			<CY>16</CY>
		</Size>
		<Text>BEARD</Text>
		<TextColor>
				<R>255</R>
				<G>255</G>
				<B>255</B>
		</TextColor>
		<NoWrap>false</NoWrap>
		<AlignCenter>true</AlignCenter>
		<AlignRight>false</AlignRight>
	</StaticText>


	<Button item = "FPW_Beard_Up_Button">
		<ScreenID>Beard_Up_Button</ScreenID>
		<!--<Font>3</Font>-->
		<RelativePosition>true</RelativePosition>
		<Location>
			<X>133</X>
			<Y>84</Y>
		</Location>
		<Size>
			<CX>22</CX>
			<CY>12</CY>
		</Size>
		<Style_VScroll>false</Style_VScroll>
		<Style_HScroll>false</Style_HScroll>
		<Style_Transparent>false</Style_Transparent>
		<!--<TooltipReference/>-->
		<Style_Checkbox>false</Style_Checkbox>
		<!--<RadioGroup/>-->
		<ButtonDrawTemplate>
  			<Normal>A_HSBRightNormal</Normal> 
			<Pressed>A_HSBRightPressed</Pressed> 
			<Flyby>A_HSBRightFlyby</Flyby> 
			<Disabled>A_HSBRightDisabled</Disabled> 
			<PressedFlyby>A_HSBRightPressedFlyby</PressedFlyby> 
		</ButtonDrawTemplate>
	</Button>

	<Button item = "FPW_Beard_Color_Down_Button">
		<ScreenID>Beard_Color_Down_Button</ScreenID>
		<!--<Font>3</Font>-->
		<RelativePosition>true</RelativePosition>
		<Location>
			<X>15</X>
			<Y>104</Y>
		</Location>
		<Size>
			<CX>22</CX>
			<CY>12</CY>
		</Size>
		<Style_VScroll>false</Style_VScroll>
		<Style_HScroll>false</Style_HScroll>
		<Style_Transparent>false</Style_Transparent>
		<!--<TooltipReference/>-->
		<Style_Checkbox>false</Style_Checkbox>
		<!--<RadioGroup/>-->
		<ButtonDrawTemplate>
  			<Normal>A_HSBLeftNormal</Normal> 
			<Pressed>A_HSBLeftPressed</Pressed> 
			<Flyby>A_HSBLeftFlyby</Flyby> 
			<Disabled>A_HSBLeftDisabled</Disabled> 
			<PressedFlyby>A_HSBLeftPressedFlyby</PressedFlyby> 
		</ButtonDrawTemplate>
	</Button>

	<StaticText item ="FPW_Beard_Color_Text">
		<ScreenID>Beard_Color_Text</ScreenID>
		<!--<Font>2</Font>-->
		<RelativePosition>true</RelativePosition>
		<Location>
			<X>40</X>
			<Y>102</Y>
		</Location>
		<Size>
			<CX>90</CX>
			<CY>16</CY>
		</Size>
		<Text>BEARD COLOR</Text>
		<TextColor>
				<R>255</R>
				<G>255</G>
				<B>255</B>
		</TextColor>
		<NoWrap>false</NoWrap>
		<AlignCenter>true</AlignCenter>
		<AlignRight>false</AlignRight>
	</StaticText>

	<Button item = "FPW_Beard_Color_Up_Button">
		<ScreenID>Beard_Color_Up_Button</ScreenID>
		<!--<Font>3</Font>-->
		<RelativePosition>true</RelativePosition>
		<Location>
			<X>133</X>
			<Y>104</Y>
		</Location>
		<Size>
			<CX>22</CX>
			<CY>12</CY>
		</Size>
		<Style_VScroll>false</Style_VScroll>
		<Style_HScroll>false</Style_HScroll>
		<Style_Transparent>false</Style_Transparent>
		<!--<TooltipReference/>-->
		<Style_Checkbox>false</Style_Checkbox>
		<!--<RadioGroup/>-->
		<ButtonDrawTemplate>
  			<Normal>A_HSBRightNormal</Normal> 
			<Pressed>A_HSBRightPressed</Pressed> 
			<Flyby>A_HSBRightFlyby</Flyby> 
			<Disabled>A_HSBRightDisabled</Disabled> 
			<PressedFlyby>A_HSBRightPressedFlyby</PressedFlyby> 
		</ButtonDrawTemplate>
	</Button>

	<Button item = "FPW_Wode_Down_Button">
		<ScreenID>Wode_Down_Button</ScreenID>
		<!--<Font>3</Font>-->
		<RelativePosition>true</RelativePosition>
		<Location>
			<X>15</X>
			<Y>124</Y>
		</Location>
		<Size>
			<CX>22</CX>
			<CY>12</CY>
		</Size>
		<Style_VScroll>false</Style_VScroll>
		<Style_HScroll>false</Style_HScroll>
		<Style_Transparent>false</Style_Transparent>
		<!--<TooltipReference/>-->
		<Style_Checkbox>false</Style_Checkbox>
		<!--<RadioGroup/>-->
		<ButtonDrawTemplate>
  			<Normal>A_HSBLeftNormal</Normal> 
			<Pressed>A_HSBLeftPressed</Pressed> 
			<Flyby>A_HSBLeftFlyby</Flyby> 
			<Disabled>A_HSBLeftDisabled</Disabled> 
			<PressedFlyby>A_HSBLeftPressedFlyby</PressedFlyby> 
		</ButtonDrawTemplate>
	</Button>

	<StaticText item ="FPW_Wode_Text">
		<ScreenID>Wode_Text</ScreenID>
		<!--<Font>3</Font>-->
		<RelativePosition>true</RelativePosition>
		<Location>
			<X>45</X>
			<Y>122</Y>
		</Location>
		<Size>
			<CX>80</CX>
			<CY>16</CY>
		</Size>
		<Text>WODE</Text>
		<TextColor>
				<R>255</R>
				<G>255</G>
				<B>255</B>
		</TextColor>
		<NoWrap>false</NoWrap>
		<AlignCenter>true</AlignCenter>
		<AlignRight>false</AlignRight>
	</StaticText>


	<Button item = "FPW_Wode_Up_Button">
		<ScreenID>Wode_Up_Button</ScreenID>
		<!--<Font>3</Font>-->
		<RelativePosition>true</RelativePosition>
		<Location>
			<X>133</X>
			<Y>124</Y>
		</Location>
		<Size>
			<CX>22</CX>
			<CY>12</CY>
		</Size>
		<Style_VScroll>false</Style_VScroll>
		<Style_HScroll>false</Style_HScroll>
		<Style_Transparent>false</Style_Transparent>
		<!--<TooltipReference/>-->
		<Style_Checkbox>false</Style_Checkbox>
		<!--<RadioGroup/>-->
		<ButtonDrawTemplate>
  			<Normal>A_HSBRightNormal</Normal> 
			<Pressed>A_HSBRightPressed</Pressed> 
			<Flyby>A_HSBRightFlyby</Flyby> 
			<Disabled>A_HSBRightDisabled</Disabled> 
			<PressedFlyby>A_HSBRightPressedFlyby</PressedFlyby> 
		</ButtonDrawTemplate>
		<SoundPressed/>
		<SoundUp/>
		<SoundFlyby/>
	</Button>

	<Button item = "FPW_Random_Button">
		<ScreenID>Random_Button</ScreenID>
		<!--<Font>3</Font>-->
		<RelativePosition>true</RelativePosition>
		<Location>
			<X>50</X>
			<Y>144</Y>
		</Location>
		<Size>
			<CX>64</CX>
			<CY>20</CY>
		</Size>
		<Style_VScroll>false</Style_VScroll>
		<Style_HScroll>false</Style_HScroll>
		<Style_Transparent>false</Style_Transparent>
		<!--<TooltipReference/>-->
		<Style_Checkbox>false</Style_Checkbox>
		<!--<RadioGroup/>-->
		<Text>Random</Text>
		<TextColor>
				<R>255</R>
				<G>255</G>
				<B>255</B>
		</TextColor>
		<ButtonDrawTemplate>
			<Normal>A_BtnNormal</Normal>
			<Pressed>A_BtnPressed</Pressed>
			<Flyby>A_BtnFlyby</Flyby>
			<Disabled>A_BtnDisabled</Disabled>
			<PressedFlyby>A_BtnPressedFlyby</PressedFlyby>
		</ButtonDrawTemplate>
	</Button>

	<Button item = "FPW_Accept_Button">
		<ScreenID>Accept_Button</ScreenID>
		<!--<Font>3</Font>-->
		<RelativePosition>true</RelativePosition>
		<Location>
			<X>15</X>
			<Y>170</Y>
		</Location>
		<Size>
			<CX>64</CX>
			<CY>20</CY>
		</Size>
		<Style_VScroll>false</Style_VScroll>
		<Style_HScroll>false</Style_HScroll>
		<Style_Transparent>false</Style_Transparent>
		<!--<TooltipReference/>-->
		<Style_Checkbox>false</Style_Checkbox>
		<!--<RadioGroup/>-->
		<Text>Accept</Text>
		<TextColor>
				<R>255</R>
				<G>255</G>
				<B>255</B>
		</TextColor>
		<ButtonDrawTemplate>
			<Normal>A_BtnNormal</Normal>
			<Pressed>A_BtnPressed</Pressed>
			<Flyby>A_BtnFlyby</Flyby>
			<Disabled>A_BtnDisabled</Disabled>
			<PressedFlyby>A_BtnPressedFlyby</PressedFlyby>
		</ButtonDrawTemplate>
	</Button>

	<Button item = "FPW_Cancel_Button">
		<ScreenID>Cancel_Button</ScreenID>
		<!--<Font>3</Font>-->
		<RelativePosition>true</RelativePosition>
		<Location>
			<X>89</X>
			<Y>170</Y>
		</Location>
		<Size>
			<CX>64</CX>
			<CY>20</CY>
		</Size>
		<Style_VScroll>false</Style_VScroll>
		<Style_HScroll>false</Style_HScroll>
		<Style_Transparent>false</Style_Transparent>
		<!--<TooltipReference/>-->
		<Style_Checkbox>false</Style_Checkbox>
		<!--<RadioGroup/>-->
		<Text>Cancel</Text>
		<TextColor>
				<R>255</R>
				<G>255</G>
				<B>255</B>
		</TextColor>
		<ButtonDrawTemplate>
			<Normal>A_BtnNormal</Normal>
			<Pressed>A_BtnPressed</Pressed>
			<Flyby>A_BtnFlyby</Flyby>
			<Disabled>A_BtnDisabled</Disabled>
			<PressedFlyby>A_BtnPressedFlyby</PressedFlyby>
		</ButtonDrawTemplate>
	</Button>


	<Screen item = "FacePickWindow">
		<!--<ScreenID/>-->
		<!--<Font/>-->
		<Text>Choose Your Appearance</Text>
		<RelativePosition>false</RelativePosition>
		<Location>
			<X>0</X>
			<Y>80</Y>
		</Location>
		<Size>
			<CX>175</CX>
			<CY>215</CY>
		</Size>
		<Style_VScroll>false</Style_VScroll>
		<Style_HScroll>false</Style_HScroll>
		<Style_Transparent>false</Style_Transparent>
		<!--<TooltipReference/>-->
		<DrawTemplate>WDT_Rounded</DrawTemplate>
		<Style_Titlebar>true</Style_Titlebar>
		<Style_Closebox>false</Style_Closebox>
		<Style_Minimizebox>false</Style_Minimizebox>
		<Style_Border>true</Style_Border>
		<Style_Sizable>false</Style_Sizable>
		<Pieces>FPW_Face_Down_Button</Pieces>
		<Pieces>FPW_Face_Text</Pieces>
		<Pieces>FPW_Face_Up_Button</Pieces>
		<Pieces>FPW_Hair_Down_Button</Pieces>
		<Pieces>FPW_Hair_Text</Pieces>
		<Pieces>FPW_Hair_Up_Button</Pieces>
		<Pieces>FPW_Hair_Color_Down_Button</Pieces>
		<Pieces>FPW_Hair_Color_Text</Pieces>
		<Pieces>FPW_Hair_Color_Up_Button</Pieces>
		<Pieces>FPW_Eyes_Down_Button</Pieces>
		<Pieces>FPW_Eyes_Text</Pieces>
		<Pieces>FPW_Eyes_Up_Button</Pieces>
		<Pieces>FPW_Beard_Down_Button</Pieces>
		<Pieces>FPW_Beard_Text</Pieces>
		<Pieces>FPW_Beard_Up_Button</Pieces>
		<Pieces>FPW_Beard_Color_Down_Button</Pieces>
		<Pieces>FPW_Beard_Color_Text</Pieces>
		<Pieces>FPW_Beard_Color_Up_Button</Pieces>
		<Pieces>FPW_Wode_Down_Button</Pieces>
		<Pieces>FPW_Wode_Text</Pieces>
		<Pieces>FPW_Wode_Up_Button</Pieces>
		<Pieces>FPW_Random_Button</Pieces>
		<Pieces>FPW_Accept_Button</Pieces>
		<Pieces>FPW_Cancel_Button</Pieces>
	</Screen>

</XML>
